{
  "LSTMAutoEncoder": {
    "accuracy": 0.7904777295222705,
    "precision": 0.3653861320200843,
    "recall": 0.5711986301369864,
    "f1": 0.44567895296575977,
    "threshold": "262704.47"
  },
  "DLinear": {
    "accuracy": 0.8651085748914251,
    "precision": 0.5223623111315574,
    "recall": 0.9954794520547945,
    "f1": 0.6851846613677293,
    "threshold": "5.498245"
  },
  "TimesNet": {
    "accuracy": 0.8583597616402383,
    "precision": 0.5142633647876586,
    "recall": 0.7114657534246576,
    "f1": 0.5970010287770198,
    "threshold": "3.1210277"
  },
  "VoltageTimesNet_v2": {
    "accuracy": 0.862942127057873,
    "precision": 0.5251076319985177,
    "recall": 0.7376575342465753,
    "f1": 0.61349427651048,
    "threshold": "2.4950683"
  },
  "IsolationForest": {
    "accuracy": 0.3474396525603474,
    "precision": 0.3474396525603474,
    "recall": 1.0,
    "f1": 0.51570347050446
  },
  "OneClassSVM": {
    "accuracy": 0.3474396525603474,
    "precision": 0.3474396525603474,
    "recall": 1.0,
    "f1": 0.51570347050446
  }
}