{
  "LSTMAutoEncoder": {
    "accuracy": 0.7904787395212605,
    "precision": 0.36538773292673843,
    "recall": 0.5711986301369864,
    "f1": 0.4456801438660528,
    "threshold": "262703.56"
  },
  "DLinear": {
    "accuracy": 0.8732501767498233,
    "precision": 0.5381776746714728,
    "recall": 0.9899041095890411,
    "f1": 0.6972719619247033,
    "threshold": "2.0694363"
  },
  "IsolationForest": {
    "accuracy": 0.3474396525603474,
    "precision": 0.3474396525603474,
    "recall": 1.0,
    "f1": 0.51570347050446
  },
  "OneClassSVM": {
    "accuracy": 0.3474396525603474,
    "precision": 0.3474396525603474,
    "recall": 1.0,
    "f1": 0.51570347050446
  }
}