{
  "VoltageTimesNet_v2": {
    "epochs": [
      1,
      2,
      3,
      4,
      5,
      6,
      7,
      8,
      9,
      10
    ],
    "train_loss": [
      0.5099342830602247,
      0.4222347139765763,
      0.37420377076201383,
      0.3375230971281605,
      0.2563200575055332,
      0.21716991711101635,
      0.2201590141226478,
      0.17563723872368314,
      0.12685577480083218,
      0.12665967401332082
    ],
    "val_loss": [
      0.5470251805818733,
      0.45048629276712626,
      0.4188830159851963,
      0.3138769995012426,
      0.2302045282806956,
      0.22201828294488882,
      0.21178998192487988,
      0.20262838257390967,
      0.11230063001527908,
      0.09695653037459417
    ]
  },
  "VoltageTimesNet": {
    "epochs": [
      1,
      2,
      3,
      4,
      5,
      6,
      7,
      8,
      9,
      10
    ],
    "train_loss": [
      0.5293129753784311,
      0.4204844739902693,
      0.36260056409375846,
      0.27856753627573083,
      0.2501154705094963,
      0.2240711080441973,
      0.1655548862640539,
      0.1678025045075384,
      0.12423248872115512,
      0.109974598145736
    ],
    "val_loss": [
      0.5641930745493924,
      0.5181012669245644,
      0.3984557037609963,
      0.27469296203462695,
      0.2998033649235416,
      0.2098529093494864,
      0.18837628274060197,
      0.12579265124189898,
      0.09681015612631774,
      0.1268778950363833
    ]
  },
  "TimesNet": {
    "epochs": [
      1,
      2,
      3,
      4,
      5,
      6,
      7,
      8,
      9,
      10
    ],
    "train_loss": [
      0.5147693315999082,
      0.4534273656237994,
      0.40268703435223524,
      0.35847792608821427,
      0.2984795601926515,
      0.28084811583210584,
      0.2565077245808043,
      0.26029089452437837,
      0.2221059707913693,
      0.15844944139274536
    ],
    "val_loss": [
      0.575968783841743,
      0.48721763377368993,
      0.42264807777828,
      0.4126760073622618,
      0.35925750188679517,
      0.33687133098880245,
      0.2569819713422056,
      0.2770436127012798,
      0.25425447081261315,
      0.2035607393456907
    ]
  }
}