{
  "TimesNet": {
    "accuracy": 0.9855,
    "precision": 0.9848,
    "recall": 0.9625,
    "f1": 0.9735,
    "training_time": 626.6301567554474,
    "epochs": 10
  },
  "VoltageTimesNet": {
    "accuracy": 0.9853,
    "precision": 0.984,
    "recall": 0.9625,
    "f1": 0.9731,
    "training_time": 671.4459412097931,
    "epochs": 10
  },
  "TPATimesNet": {
    "accuracy": 0.985,
    "precision": 0.9844,
    "recall": 0.9612,
    "f1": 0.9727,
    "training_time": 697.4428126811981,
    "epochs": 10
  },
  "MTSTimesNet": {
    "accuracy": 0.9797,
    "precision": 0.9756,
    "recall": 0.9506,
    "f1": 0.9629,
    "training_time": 1382.7270576953888,
    "epochs": 10
  }
}