{
  "实验时间戳": "20260124_172556",
  "生成时间": "2026-01-24 17:25:59",
  "模型结果": {
    "TimesNet": {
      "准确率": 0.9855,
      "精确率": 0.9848,
      "召回率": 0.9625,
      "F1分数": 0.9735,
      "训练时间": 626.6301567554474,
      "训练轮次": 10
    },
    "VoltageTimesNet": {
      "准确率": 0.9853,
      "精确率": 0.984,
      "召回率": 0.9625,
      "F1分数": 0.9731,
      "训练时间": 671.4459412097931,
      "训练轮次": 10
    },
    "TPATimesNet": {
      "准确率": 0.985,
      "精确率": 0.9844,
      "召回率": 0.9612,
      "F1分数": 0.9727,
      "训练时间": 697.4428126811981,
      "训练轮次": 10
    },
    "MTSTimesNet": {
      "准确率": 0.9797,
      "精确率": 0.9756,
      "召回率": 0.9506,
      "F1分数": 0.9629,
      "训练时间": 1382.7270576953888,
      "训练轮次": 10
    }
  }
}